{"cameraMode":{"drawMode":0,"name":"Shaded","section":"Shading Mode"},"sceneLighting":false,"audioPlay":false,"sceneViewState":{"showFog":true,"showMaterialUpdate":false,"showSkybox":false,"showFlares":true,"showImageEffects":true,"showParticleSystems":true},"in2DMode":false,"pivot":{"x":-0.4187999963760376,"y":-1.1957924365997315,"z":0.09088325500488281},"rotation":{"x":0.06293705850839615,"y":-0.3696105182170868,"z":0.025101514533162118,"w":0.9267182350158691},"size":1.0636811256408692,"orthographic":false}