{"cameraMode":{"drawMode":0,"name":"Shaded","section":"Shading Mode"},"sceneLighting":true,"audioPlay":false,"sceneViewState":{"showFog":true,"showMaterialUpdate":false,"showSkybox":true,"showFlares":true,"showImageEffects":true,"showParticleSystems":true},"in2DMode":false,"pivot":{"x":643.9470825195313,"y":935.9973754882813,"z":358.1319580078125},"rotation":{"x":-0.004809576086699963,"y":0.005413800477981567,"z":-0.000031982337532099336,"w":-1.0000029802322388},"size":1004.55322265625,"orthographic":false}